,0,1,2,3,4,5,6,7,8,9,10,11,12,13,14,15,16,17,18,19,20,21,22,23,24,25,26,27,28,29,30,31,32,33,34,35,36,37,38,39,40,41,42,43,44,45,46,47,48
0,7.814811368891944e-08,-4.12235824493379e-08,1.4175007976146151e-08,-3.321455008143111e-09,-3.716754852340254e-08,4.428003178595427e-08,-1.6197369805732267e-08,-1.2883429426083925e-07,-4.329281843037282e-08,-2.1076556705459806e-08,1.3137552273557998e-08,1.7397437351972895e-08,-1.5498637973989753e-09,-1.1582625641673875e-08,9.421762049661793e-09,-3.311868784603346e-08,1.249244414735644e-08,1.876263193651277e-08,6.713949691099503e-08,-2.9225996352375153e-09,1.9832624721571925e-08,5.629263042907021e-09,-1.4062337583212524e-08,-3.659208065854433e-08,-1.2089213457168538e-09,-4.039060761702568e-09,8.874226969907997e-09,-9.275593562564225e-08,-1.7246885007488693e-08,7.353529121892251e-10,-1.1639170424411008e-07,-1.5834763379855607e-09,4.717884468060028e-08,-4.592275859490441e-08,-3.84485350333965e-08,3.245688932205342e-09,-9.016190367631809e-08,1.936665645140546e-08,-3.7881997647448655e-09,-2.6564195805783152e-08,1.710086408138021e-08,-5.0156337634062945e-08,-5.063320974442208e-08,-5.111334288260776e-08,-7.912816439797748e-09,3.089290498931404e-08,2.716119135439274e-08,5.852626490724373e-09,-7.436947339854535e-08
1,-4.122358244937018e-08,9.491450294575252e-07,-4.951434953720213e-08,-1.8669688505034825e-07,3.893946261476871e-08,4.791728077035429e-08,3.501861843041607e-08,5.05228564901664e-08,8.986798601033829e-08,-4.0601099812648024e-08,3.9829038257891745e-09,-1.7505045602774463e-07,2.8482367324662998e-08,4.2432433907146195e-08,-7.52175440552055e-08,-3.5867292866163824e-07,1.0521637252329326e-07,1.461798288944466e-07,-2.527915410956153e-08,-4.8661047826834547e-08,5.1676513761438826e-08,-2.7013467343907028e-08,3.141569709676976e-08,4.273393009203425e-07,-5.5056400247920676e-08,3.681762341798187e-08,2.3755099591192232e-08,3.636965932262173e-08,1.6151782077690472e-08,-1.1913626217152906e-07,2.970270166301407e-07,6.465332091417708e-08,-5.3697663503124346e-08,-1.1323837618603378e-07,3.205387266320332e-07,2.524121415422157e-10,-1.5805843382429033e-07,-9.588716438707615e-09,5.927934212835131e-08,5.766635636784104e-08,-8.789732298099505e-08,1.5094452291881914e-07,-4.484254459460854e-08,-8.906223083403586e-08,1.339282998938428e-07,1.1317857258202e-07,-1.3369122262145067e-07,-1.876682290193506e-07,1.0480264377850758e-07
2,1.4175007976160606e-08,-4.951434953722612e-08,2.9287135248658325e-07,2.3211857995657455e-08,-1.63626058894721e-08,-2.9442873941719866e-08,-1.502068842972227e-09,-6.6531458329753e-08,-3.065085899481358e-08,6.265794472626724e-08,-1.8224754842433975e-10,4.4852948903150403e-08,-4.269394775490895e-08,5.137344339298502e-09,2.4304409349300524e-08,-9.005565636646525e-08,-7.749071789686001e-08,-9.9266622212353e-08,1.5932091577498659e-07,-1.1318028252446272e-08,9.967432700415911e-09,-9.62239303919981e-08,-1.6949640768340212e-08,-2.2685149172191136e-07,-3.7734039590260655e-08,-5.587708814316407e-08,1.7571852484533778e-08,-7.555823270886181e-08,-1.0597889355003713e-08,-1.169829147188636e-08,-2.4300443054155324e-07,-1.253687481400422e-07,8.909903100242978e-08,5.965647666602854e-08,-3.783966256417514e-08,-2.8765080015820007e-08,-1.2324776110036274e-07,6.433769081880971e-09,-1.2444272202355529e-08,-1.2927232013149048e-08,-3.006261905513286e-08,-7.346014838196886e-08,-2.0174167331470123e-09,-3.2338788239474764e-08,2.1449423086434827e-08,-6.042470528444087e-08,7.275598931710209e-08,6.293464272393758e-09,-9.375159299287687e-08
3,-3.3214550081267988e-09,-1.8669688505036892e-07,2.321185799566652e-08,3.163097814976526e-07,-2.5789568623339728e-08,-3.497456182861704e-08,-9.410071035976378e-09,-5.9167745955942146e-08,-7.181102180066939e-09,2.984828896748931e-08,-3.2675629950937564e-08,-1.4590959892401946e-08,-1.521864860230612e-08,-1.3085996930869697e-08,5.3003016895573884e-08,7.722671409739381e-08,-9.716699321998982e-08,1.813153548587985e-08,-2.487166096858602e-08,-2.5613226857518353e-08,-7.4740058317761e-09,9.034104191626745e-08,-8.441640266865912e-08,-1.1284654693002504e-07,-4.9945653657825554e-08,1.877940014089129e-09,-3.166661529746927e-08,4.7103065511707975e-08,-3.660392549395312e-09,1.0174861687960613e-07,-1.285472500107051e-07,-4.2014762739918676e-08,3.293283268613175e-09,6.582775656733021e-08,-1.0296219902350849e-07,-9.653436781995123e-10,-9.497299477791666e-09,6.9351956137991155e-09,-6.349776184380841e-08,3.896089074781272e-09,-5.89392307048691e-09,-4.183919252939224e-08,4.4807631809124495e-08,4.009689545762463e-08,-2.0455400024212932e-08,-5.205440159364637e-08,-2.282124192815254e-08,7.653546175410494e-08,-2.7755285240469045e-08
4,-3.716754852340235e-08,3.893946261475477e-08,-1.6362605889466633e-08,-2.5789568623341117e-08,3.4402842353324466e-07,4.837111020132405e-08,-4.144948603498563e-08,1.3436180433687366e-07,4.237122212738536e-08,1.1313510917093149e-07,-1.0886110991601359e-08,4.892709545359772e-08,-1.0695572935728725e-07,5.1607335177674476e-08,-3.062551880191457e-09,-5.913086616529329e-08,5.167676882220057e-08,-4.596783289689882e-08,-4.280674620821035e-08,3.09930864438745e-08,4.07983914974908e-08,3.4303516421690256e-08,2.1344626435652838e-08,8.198159722786772e-08,-4.701742812919448e-08,-3.9576383526813905e-08,-4.9482161176553605e-09,-6.365795873318859e-08,2.2834350139351012e-08,1.1025610622576072e-09,-5.402087913750912e-08,-1.5682706979706177e-08,-6.81356558398196e-08,-4.962928060020423e-08,1.1309673781193616e-07,-1.210811363838666e-07,7.957587969631406e-08,-1.1815646891673995e-08,2.096504037391313e-08,4.2369027029474476e-08,6.236439906719897e-08,3.715432293065342e-09,6.01889355033197e-08,9.961130893485955e-08,-2.3703058875860416e-08,-4.76942006213047e-08,-8.632892744339273e-08,-1.0700894763434774e-08,-1.1325208654931197e-07
5,4.4280031785973396e-08,4.791728077033956e-08,-2.944287394170554e-08,-3.4974561828625376e-08,4.837111020133162e-08,6.714962190009327e-07,-4.5218467627637214e-08,-3.57050012928998e-08,-9.495122803248757e-08,1.2504725424999613e-07,-3.846532423699668e-08,1.0869250396549957e-07,-3.931872072712622e-08,-2.932622024372801e-08,-1.2350274180680217e-07,2.343525432631052e-08,-9.843024543682654e-08,-6.83978248315258e-08,2.8051238726296846e-07,5.321671386749467e-08,5.9386363482010524e-08,1.0829080813855581e-07,1.136343610754825e-09,-1.5881582517926794e-07,-1.5164836646904755e-07,5.434591580530578e-08,3.7727596560825017e-08,-1.4457823943887652e-07,8.423716928682712e-08,4.87142216903181e-08,-3.729657172297873e-07,1.6426495555785552e-08,-8.93881974609778e-09,-8.567286948902922e-08,8.100522048777662e-09,-6.4096104429966595e-09,-2.057419320762444e-07,7.540415580011804e-08,5.278484494054998e-08,4.286577840168227e-08,1.1117526979097233e-07,-4.478633927288649e-08,-3.441298426053755e-08,-1.4896152746544218e-08,1.344987103113475e-08,9.80907237640791e-08,1.0119726769567911e-07,-4.735592870426949e-08,1.6752430513626404e-08
6,-1.619736980573557e-08,3.50186184304119e-08,-1.50206884297248e-09,-9.410071035975718e-09,-4.1449486034987773e-08,-4.5218467627635534e-08,1.2682753882116887e-07,-1.9929911138567432e-08,4.3285120322574107e-10,4.553918026546374e-09,-2.576729453525915e-08,-3.991614541473492e-08,1.83883799103552e-08,-3.4974988907449198e-09,-4.177674894488989e-08,-4.358436377834279e-08,1.5027457553713017e-08,1.8332693549005273e-08,-3.601074851761936e-08,-2.4309134367548933e-08,-7.700305949020685e-10,-1.1080224042031778e-08,-7.381465141162344e-09,1.0440318269989719e-08,2.3652274163631575e-08,6.639719695704649e-08,2.9365267510141022e-08,1.6243994649444263e-08,3.1128925232518193e-08,-3.9000798713083926e-08,3.729041860576047e-08,-2.854570698010361e-08,5.15123085735974e-08,4.5365936236161074e-08,6.451080383356393e-09,6.064825111479255e-08,-4.234634856203378e-08,-1.5381444977865623e-08,-3.245236854425464e-08,-6.8775042267306115e-09,-9.720367261693285e-08,4.16951989247773e-08,-1.0709414979034601e-08,-3.8370853499549476e-08,1.743618187323265e-08,-6.492322658897186e-08,3.057492817459722e-08,-1.6916087426973126e-09,3.3748699383625125e-09
7,-1.2883429426084095e-07,5.0522856490125115e-08,-6.653145832974698e-08,-5.9167745955922916e-08,1.343618043368971e-07,-3.570500129288857e-08,-1.992991113857629e-08,5.042095861759358e-07,7.287902661186763e-08,-2.5777177952474017e-10,2.4400828065352992e-08,3.565891578854127e-08,-1.4060405235778114e-07,-8.856791792659319e-09,-7.64322425851427e-08,1.7086013166300187e-07,-3.0893914623674605e-08,-8.794460673645176e-08,-1.2394229222022898e-07,2.562675625315687e-08,1.2865725665056423e-08,-2.891068294689508e-07,3.839236999646559e-08,-7.045805281146751e-08,-2.2809993167473003e-08,-9.657313616054299e-08,-5.0515588199046285e-08,2.744229039341446e-07,1.5086278499230803e-08,-5.171982352429207e-08,-4.1091406046739606e-08,-1.1107321725212014e-07,-1.877685313445249e-07,-1.3671376908632708e-07,1.5033753905429839e-07,-4.3794218210433323e-08,1.3484416618212188e-07,-2.75344824004006e-08,-2.055943149635661e-09,8.254177690973547e-08,5.157571505958289e-08,1.1083822523439323e-07,1.0437753047796605e-07,9.04306120404664e-08,3.4253878342031367e-09,1.0434471986251587e-07,4.094692400048744e-08,-7.629030220140624e-08,6.45518989010916e-08
8,-4.329281843038116e-08,8.986798601034007e-08,-3.065085899481902e-08,-7.181102180061291e-09,4.237122212737887e-08,-9.495122803248851e-08,4.3285120322614644e-10,7.28790266118603e-08,1.423938688387628e-07,-1.894289099626285e-08,-1.1447536987917895e-08,-6.032217143079284e-08,-6.322829281527705e-08,5.719001402168678e-08,5.572174436846136e-08,-2.7984416360397697e-08,2.710410121800345e-08,-4.1974271623700124e-08,-8.547167432830824e-08,-1.0453812106459808e-08,-4.561508667525779e-09,-7.145765546558224e-08,1.0320871337494612e-08,1.2107875189892456e-07,3.034232549166968e-08,-2.983596640897182e-08,-1.0973657183670764e-08,6.190275078941214e-08,5.3908178371103285e-08,-6.898314338962747e-08,1.285205019913823e-07,6.684264945762119e-08,2.229091275144939e-08,7.61765277079994e-08,1.498628567727557e-07,-2.954261837508319e-08,1.1399844912759094e-07,-2.1299315975831403e-08,1.1736522362614445e-08,3.656433643257127e-08,-1.6180850182223366e-08,4.3792444854956036e-08,1.918865236430821e-08,6.070579377882443e-08,1.927351506003186e-08,-8.402074096768059e-08,-6.150209342340309e-08,-9.343641652318956e-09,-6.186107091149668e-08
9,-2.1076556705440367e-08,-4.060109981267785e-08,6.265794472627756e-08,2.984828896748388e-08,1.1313510917093513e-07,1.2504725424999742e-07,4.5539180265467414e-09,-2.5777177954503453e-10,-1.894289099626259e-08,2.4947525323681847e-07,-5.468831354946691e-08,4.5126480772913366e-08,-1.2622069242294427e-07,-4.71020286735414e-09,-1.607922624542357e-07,-2.2911901405355647e-09,-8.926800853781088e-08,-1.135168347146486e-07,2.939789191771366e-08,1.716583337125463e-08,6.180312816491081e-09,4.265294120469172e-08,5.670001240602912e-09,-1.2119117936642098e-07,-8.121584068765231e-08,8.636439309991179e-09,1.9508779123448245e-08,-6.836853895997375e-08,9.816529839159474e-08,3.9169894738631344e-08,-2.3230865733668352e-07,-1.1392745555238918e-07,-5.691114597260325e-09,5.12898913182703e-09,-3.87745757699964e-08,-5.5453603890802604e-08,-8.119303478430932e-08,2.1399887023336446e-08,-2.6750219075759635e-09,2.5653026086742196e-08,2.5015957066104843e-08,-1.2460442443070053e-08,-3.1906780783630775e-09,7.159141419349776e-08,1.6456921310276504e-08,5.400513335762986e-09,8.468079143579212e-08,6.104882524969932e-09,-1.1784445249926298e-07
10,1.3137552273549043e-08,3.982903825798847e-09,-1.822475484264288e-10,-3.267562995093553e-08,-1.0886110991603298e-08,-3.846532423699399e-08,-2.5767294535259217e-08,2.4400828065365598e-08,-1.1447536987918573e-08,-5.468831354946517e-08,8.545329833674925e-08,-2.3086576481919505e-08,6.04807693504233e-08,-1.1828045697798157e-08,3.9235236246732164e-08,5.5745371550518476e-09,4.457895957141836e-08,3.9792708778425896e-08,5.527517743614281e-09,1.2987811339990857e-09,-1.6012664826849497e-08,-6.909532306345887e-08,-1.2574172966231845e-08,5.127060003639226e-09,2.974953152601973e-08,1.0647455044894148e-08,2.877204253835197e-11,5.4881172589500364e-08,-5.1760793935207846e-08,-4.161456185988433e-08,1.0926197711450245e-07,3.343486624451154e-08,-3.235762745793781e-08,-3.0820367372394106e-08,-1.9025751765277196e-08,-1.448129484108717e-08,5.016847527989959e-08,1.0000539354533897e-08,8.134330828822185e-09,-3.0310280624833166e-09,-5.735262485406073e-09,1.7664474961032637e-08,7.396767531834224e-09,-4.698338545972279e-08,-6.554246588561424e-09,6.770831170254969e-09,-4.019490208500555e-08,-1.7649964997290098e-08,4.735877056100416e-08
11,1.7397437351985008e-08,-1.7505045602776106e-07,4.4852948903160164e-08,-1.4590959892405134e-08,4.8927095453608086e-08,1.0869250396549098e-07,-3.991614541473719e-08,3.565891578854011e-08,-6.032217143078534e-08,4.512648077291528e-08,-2.3086576481922887e-08,2.811815732056149e-07,-6.776432896888615e-08,-2.080904247502132e-08,-3.2865904613020495e-08,1.2689456999705908e-07,-2.713931079633348e-09,-4.4175332816811695e-08,1.4996956224065012e-07,2.2178019051121106e-08,1.3491801279621412e-08,-8.728445227143852e-09,3.438873126384157e-08,-1.6501114696447319e-07,-5.437184955339145e-08,-4.805799253235868e-08,-4.1330484706382626e-08,-2.322102848587198e-08,-3.6525817088466924e-08,1.1026820695638765e-07,-2.635599146855916e-07,-1.7326742092120578e-08,-1.3016288259495153e-10,-1.410956785381679e-07,-1.1002494660814169e-07,-3.272244925166462e-08,-5.4317665638492264e-08,-1.6525998886760418e-08,2.1615967169471807e-08,1.7204950737180101e-09,4.09485314931998e-09,-7.03465700358671e-08,2.740116218571026e-08,-5.2080631882552413e-08,-3.2871119794876244e-08,1.387513674908271e-07,5.896450711116665e-08,8.125265444990241e-09,8.485030823156323e-08
12,-1.5498637974212676e-09,2.8482367324665864e-08,-4.269394775488584e-08,-1.5218648602270203e-08,-1.0695572935732112e-07,-3.931872072703147e-08,1.838837991034774e-08,-1.4060405235772532e-07,-6.322829281533544e-08,-1.2622069242289512e-07,6.048076935040749e-08,-6.776432896880802e-08,8.320231133380226e-07,-1.8218597383157838e-08,2.1047931576120624e-07,-2.448696705533981e-08,8.964128929304453e-08,2.2570559149738862e-07,-1.239570834527223e-07,9.913418747714599e-09,-7.92311711829285e-08,9.612299327777299e-08,-4.535659659467676e-08,7.420026684168233e-08,1.2330001047126656e-07,3.2391388833726085e-07,3.772673104404735e-08,3.617986208017706e-08,-2.1683234638081148e-07,1.4313194256292003e-07,7.166547210346163e-07,3.3383586020503994e-07,8.580974252347416e-08,1.1905618517415618e-07,-1.3240446214012657e-07,1.3619369852114089e-08,3.372269947320331e-07,-5.646369608315233e-08,-2.4280615487677268e-09,-4.054380648940667e-08,-3.885604903931839e-08,-8.639199648059233e-08,-1.9270949013440016e-07,-1.9294279239191243e-07,-1.7831865812045435e-08,5.919144749210782e-08,-7.37031423103352e-08,4.8296396016391686e-09,3.794262510282999e-07
13,-1.1582625641677697e-08,4.243243390715746e-08,5.137344339297963e-09,-1.3085996930870833e-08,5.1607335177664656e-08,-2.9326220243730605e-08,-3.49749889074218e-09,-8.856791792665746e-09,5.719001402169148e-08,-4.710202867357844e-09,-1.182804569779755e-08,-2.0809042475033075e-08,-1.8218597383115933e-08,1.0139655484030072e-07,6.47208126314647e-08,-3.143121592637307e-08,7.892603579714347e-08,-4.4121241655653254e-08,2.530657011121162e-08,-2.9490630493216e-08,-5.854989732062936e-09,-2.1019611044732364e-10,-3.5835288993651554e-09,9.119652357903402e-08,2.3184977192161823e-08,-1.018349832886292e-08,1.070238851557715e-08,-4.7889537336826955e-08,3.080276781810952e-08,-2.2955548562102097e-08,3.6385516748625126e-08,5.0677154752387306e-08,8.622874371642565e-08,1.2373190672660677e-07,7.738583769509214e-08,-3.378447908377436e-09,6.739892506622826e-08,-1.0186673214838747e-08,1.2005956985992015e-08,8.231841933410633e-10,-1.870988642634993e-08,1.4498961067513767e-08,-3.2079807687901206e-08,8.501726870220067e-09,2.1738441593296344e-08,-5.2426276992025206e-08,-8.008742517699259e-08,1.4656284199186394e-09,-5.9346947858752033e-08
14,9.421762049653449e-09,-7.521754405519257e-08,2.4304409349303515e-08,5.300301689559149e-08,-3.0625518802184105e-09,-1.2350274180677472e-07,-4.177674894488735e-08,-7.643224258514488e-08,5.572174436844042e-08,-1.6079226245421933e-07,3.923523624672554e-08,-3.286590461301187e-08,2.1047931576126003e-07,6.472081263144488e-08,5.079425788258604e-07,1.356490403237731e-07,8.698093001255234e-08,1.1805317523415239e-07,1.0369985879206072e-07,-5.0997528172567445e-09,-2.047740695746929e-08,-7.607509355692409e-08,-4.9983647955383313e-08,1.1157842035311304e-07,7.503601935801753e-08,5.070398690633905e-09,-3.3156605416217975e-08,-1.340120717849959e-08,-7.710955328396655e-08,4.3551743806837104e-08,2.5793971400308025e-07,2.2297498709252652e-07,8.71480163181991e-08,1.3600931400104197e-07,-3.3065731238821e-08,-1.1762667828589906e-08,2.885159398518957e-07,-4.2204486343553216e-08,7.3777881004729945e-09,-5.404786689028291e-08,-3.810780669654319e-08,-9.876361144778363e-08,-1.6051587850320535e-08,3.747617747377951e-08,-1.8640943866019316e-08,4.097210401557073e-08,-1.498502673665672e-07,5.403785029682293e-08,8.08268758050709e-08
15,-3.311868784601182e-08,-3.5867292866166704e-07,-9.005565636645224e-08,7.722671409742056e-08,-5.9130866165290915e-08,2.3435254326358015e-08,-4.358436377834913e-08,1.7086013166298757e-07,-2.7984416360422003e-08,-2.2911901404985927e-09,5.574537155031069e-09,1.2689456999708195e-07,-2.448696705545437e-08,-3.1431215926383865e-08,1.3564904032372258e-07,7.553776807209755e-07,-9.875203617156547e-08,-4.399016376378444e-08,1.0216723160420346e-07,-1.6867671270942692e-08,-5.108339686412391e-08,-1.528108138355647e-07,-1.117314787204601e-08,-1.228368057046087e-07,2.7683422722277014e-08,1.3949907231675773e-08,-2.9395810827964518e-08,1.3653836371279786e-07,-5.097574245356543e-08,1.229002960105361e-07,3.6295113154357906e-08,8.286193851798357e-08,-1.2276593638891024e-07,-1.4530189603458845e-08,-2.8948574846549486e-07,4.734521128975975e-08,3.2722772255822663e-07,-3.832662323683305e-08,-1.7182609535709703e-08,-2.1977348746622817e-08,1.1094951005434865e-08,-6.755355194723725e-08,2.700631680698912e-08,1.4498553122436653e-07,-4.87494192791125e-08,3.0022969178340264e-07,7.199470289083029e-08,2.0750793634941762e-08,1.70966290615604e-07
16,1.2492444147312744e-08,1.0521637252334655e-07,-7.749071789685718e-08,-9.716699321998984e-08,5.167676882217579e-08,-9.843024543684322e-08,1.5027457553723245e-08,-3.089391462363977e-08,2.7104101218020055e-08,-8.926800853782209e-08,4.4578959571425084e-08,-2.7139310796505888e-09,8.964128929319153e-08,7.892603579715599e-08,8.698093001262687e-08,-9.875203617149137e-08,5.175386405309072e-07,1.0256658940302724e-07,-6.562732308284024e-08,-2.1078177284794045e-08,1.695129857304972e-09,4.472901369979781e-08,-2.5591139950527438e-08,3.190224895540591e-07,1.326658963910787e-07,2.8845323162101038e-08,-2.2077913876934236e-08,2.8926208162532193e-08,-6.905704973006613e-08,-1.1316327614348812e-07,5.404412627613416e-07,2.21901816907924e-07,4.008819208268436e-08,4.422097359521104e-08,4.9238158722570506e-08,9.91322771564598e-09,1.2686623532964608e-07,-5.1666133053363645e-08,2.068992064268009e-08,-5.389915721928441e-09,-1.3947236729646106e-07,-4.652019733116761e-09,-6.148702618256404e-08,-1.1217233346227405e-07,-4.310030164173483e-08,-5.527735264920475e-08,-3.133543596681811e-07,-4.68383812295325e-09,6.51705494727421e-08
17,1.8762631936498965e-08,1.4617982889446967e-07,-9.92666222123121e-08,1.8131535485906896e-08,-4.5967832896904346e-08,-6.839782483145976e-08,1.8332693549006824e-08,-8.79446067364087e-08,-4.1974271623735574e-08,-1.135168347145966e-07,3.979270877840965e-08,-4.4175332816763666e-08,2.2570559149732872e-07,-4.412124165567709e-08,1.1805317523409474e-07,-4.3990163763755415e-08,1.0256658940292469e-07,4.3426243278806977e-07,7.603467291144962e-09,5.888726951483768e-08,-8.163606222354956e-08,1.3762474910480908e-07,8.083554345508433e-09,1.7136504056018388e-07,1.1654065178316012e-08,-4.671958997695158e-08,-4.157170769390167e-09,8.778993835653723e-08,-1.1650989769199053e-07,6.47642694966624e-08,4.247280110957774e-07,1.4528809227827302e-07,1.1428227253683374e-07,-1.2732479457672203e-07,-5.217002060428721e-08,5.3556865205274545e-08,1.727296718094675e-07,-2.4634604148980117e-08,-2.3708843443164412e-08,-2.827927869891363e-08,-6.59298477995506e-08,5.173513282439711e-08,-2.050829614945195e-08,-7.557617993511422e-08,-5.519631858579459e-08,1.7224000879230238e-07,-2.4074685498376106e-07,1.3754833393188384e-09,2.42201776602852e-07
18,6.713949691102315e-08,-2.527915410956006e-08,1.5932091577501247e-07,-2.4871660968586037e-08,-4.280674620822093e-08,2.805123872629742e-07,-3.601074851761663e-08,-1.2394229222022633e-07,-8.54716743283178e-08,2.9397891917728687e-08,5.527517743601359e-09,1.499695622406574e-07,-1.2395708345287415e-07,2.530657011120077e-08,1.0369985879200506e-07,1.0216723160416496e-07,-6.562732308289511e-08,7.603467291064708e-09,7.46249390672496e-07,5.3194063229075266e-08,-9.180536941730495e-09,3.7813414027144655e-08,-1.6507640603495714e-08,-1.6650738817039315e-07,-1.0401564023064638e-07,-2.4871260890982333e-07,4.814130226810443e-08,-2.0008608571360054e-07,-1.2257325721569669e-09,1.1374042441659063e-07,-3.7817928460195287e-07,1.4301386619129193e-08,2.417685982909208e-07,-9.843117383424908e-08,-2.4997337803700293e-07,6.499854774997139e-08,-1.28583972574304e-07,3.118702555870029e-08,3.278236152605123e-08,-4.33772936110943e-08,-3.853342969128347e-08,-6.63756760702101e-08,-4.74010109840696e-08,-9.141007078816038e-09,8.084604573402918e-08,2.930679136259437e-07,1.5301021570463827e-07,-3.181606664386538e-08,1.2669300464312188e-07
19,-2.9225996352363168e-09,-4.86610478268232e-08,-1.1318028252449018e-08,-2.5613226857519217e-08,3.099308644386989e-08,5.32167138675045e-08,-2.4309134367552285e-08,2.5626756253160738e-08,-1.0453812106470334e-08,1.716583337125443e-08,1.298781133999274e-09,2.2178019051134053e-08,9.913418747706866e-09,-2.9490630493226356e-08,-5.099752817266327e-09,-1.6867671270932978e-08,-2.1078177284806195e-08,5.888726951484731e-08,5.3194063229096826e-08,1.5018967644139807e-07,-8.891243546215882e-10,1.0644089554822333e-08,1.793076425684145e-08,-3.813320829883955e-09,-4.993290926821137e-08,-3.917200327605324e-08,-1.4486198318121292e-08,-1.068289430936578e-08,7.112572855923298e-09,6.227816846189624e-08,-2.0939836854357097e-08,1.884374836378665e-08,3.401031794194842e-08,-1.157331845832768e-07,6.871673697710525e-08,-3.1601990321587564e-08,4.708285034148748e-08,4.483052317169816e-09,3.0410257401843217e-09,6.005991629892183e-09,4.408704406720654e-08,-4.8076962996954545e-08,-1.502544114957674e-09,8.927479492739981e-08,2.0623237057581725e-08,7.873631214999732e-08,9.105627122139604e-08,3.958624285296486e-08,3.4895164822567455e-08
20,1.9832624721570578e-08,5.167651376143858e-08,9.967432700400736e-09,-7.47400583178937e-09,4.0798391497498e-08,5.938636348197154e-08,-7.700305949004131e-10,1.286572566504536e-08,-4.561508667503968e-09,6.1803128164648425e-09,-1.6012664826839518e-08,1.3491801279595705e-08,-7.923117118289084e-08,-5.854989732047935e-09,-2.0477406957435045e-08,-5.1083396864141916e-08,1.6951298573650347e-09,-8.163606222354899e-08,-9.180536941778597e-09,-8.891243546224649e-10,1.6516728419142575e-07,-8.527988932394368e-08,-8.40403285892497e-09,-1.940666724812373e-08,-7.804772937233617e-08,-6.490183408074389e-09,-3.181869373581302e-08,-1.2566110880659462e-08,7.726075443909139e-09,2.5190721367483577e-08,-1.6913404726205261e-07,-4.977579131838955e-08,-9.36560227885802e-08,-3.628669775908739e-08,6.092674787260016e-08,-1.5420762092579593e-08,-1.5058677168097678e-07,-1.2123589479925888e-08,1.3677543301442621e-08,-3.259267099091658e-09,1.591305723826935e-08,-7.350609791904131e-08,1.127617733867927e-08,7.529018277993293e-09,4.201396859913549e-08,-1.7715872042241404e-08,2.647592409307955e-08,-2.372704479881514e-08,-9.581434533120232e-08
21,5.629263042922426e-09,-2.7013467343924687e-08,-9.622393039195366e-08,9.03410419162818e-08,3.4303516421669973e-08,1.0829080813858815e-07,-1.1080224042024919e-08,-2.891068294689742e-07,-7.145765546561726e-08,4.2652941204719574e-08,-6.909532306346538e-08,-8.728445227106067e-09,9.612299327772252e-08,-2.1019611045137511e-10,-7.607509355696707e-08,-1.5281081383558102e-07,4.4729013699793174e-08,1.3762474910481777e-07,3.781341402722718e-08,1.0644089554805847e-08,-8.527988932393977e-08,8.42233378495202e-07,3.024470729686172e-09,2.494653642122614e-07,9.4645623433301e-09,-5.2458420189910836e-08,5.887747135154293e-08,-2.8541303051740006e-07,-5.066890568212565e-09,1.2428360771747093e-07,3.4822765885876935e-07,9.008453243668243e-08,-1.7868410920071132e-08,8.417276338810319e-08,-2.8887631599972313e-07,2.4083942940444893e-08,6.311743834776277e-09,3.987138327252231e-08,1.7107440243356712e-08,-4.212124824640003e-08,-1.1132087711384886e-09,-3.728996542350807e-08,5.200975869385082e-08,8.376205309894631e-08,-4.757329656647609e-08,-5.7340136020712675e-08,-1.1678526196265288e-07,8.63983108812958e-08,1.6596771377366686e-07
22,-1.4062337583210393e-08,3.1415697096758996e-08,-1.694964076833408e-08,-8.441640266865569e-08,2.1344626435658175e-08,1.1363436107579115e-09,-7.381465141163276e-09,3.839236999646626e-08,1.0320871337493765e-08,5.670001240608945e-09,-1.2574172966233828e-08,3.438873126384444e-08,-4.535659659469727e-08,-3.5835288993654437e-09,-4.9983647955389355e-08,-1.1173147872050367e-08,-2.5591139950534122e-08,8.083554345493734e-09,-1.6507640603496912e-08,1.7930764256839886e-08,-8.404032858918633e-09,3.024470729680915e-09,9.832018121977852e-08,-1.1286968428491624e-08,-1.0412751394123226e-08,-5.497912359457404e-08,9.509623342262864e-09,1.995461606465078e-08,1.4870766973583262e-08,-3.228120770271709e-08,-1.6546507518297996e-08,-4.465124854114859e-08,-3.97744785405574e-09,-3.4839924124069087e-08,3.709424362240894e-08,8.4901075703396e-09,5.8958812303022005e-09,-2.2491366417327856e-08,4.1885300885935454e-08,1.0907253854587031e-08,1.8668544803306705e-08,3.374514574576139e-08,2.204097206941919e-08,9.42757077035269e-09,-1.4544481269283223e-08,-1.4227040903434637e-09,-1.5061446241612854e-08,-2.1390292608059187e-08,-6.811749627127757e-09
23,-3.6592080658592065e-08,4.2733930092040793e-07,-2.268514917219187e-07,-1.1284654693000582e-07,8.198159722784271e-08,-1.5881582517925976e-07,1.0440318269998981e-08,-7.045805281146225e-08,1.210787518989122e-07,-1.2119117936641492e-07,5.127060003640717e-09,-1.650111469644694e-07,7.420026684185988e-08,9.11965235790266e-08,1.1157842035316246e-07,-1.2283680570452456e-07,3.190224895540534e-07,1.7136504056033875e-07,-1.6650738817032004e-07,-3.813320829886028e-09,-1.9406667248197564e-08,2.494653642123912e-07,-1.1286968428477494e-08,9.225368937781217e-07,1.0188540236281863e-07,1.4901010572494317e-07,-2.4584822573044445e-08,-3.83162245454456e-08,-4.7305730328535745e-08,3.383221777926297e-09,7.802054089218425e-07,3.7052626920779056e-07,-7.639550338226786e-08,5.14929914354623e-08,1.3286331548195012e-07,-3.997677168152703e-08,2.4694144816638567e-07,-4.258898179136709e-08,2.7217172662120652e-08,-3.1365551838690465e-09,-1.0857946302103043e-07,1.2337764618221113e-08,-5.817664750583113e-08,1.3452420174181608e-07,4.909660182260823e-08,2.7147058786254466e-08,-1.9529738129830675e-07,1.0960209414361987e-09,1.7597238526677793e-07
24,-1.2089213457323548e-09,-5.5056400247900274e-08,-3.7734039590268364e-08,-4.9945653657820704e-08,-4.701742812921043e-08,-1.5164836646904207e-07,2.3652274163634146e-08,-2.2809993167464073e-08,3.0342325491665385e-08,-8.121584068765359e-08,2.974953152602231e-08,-5.437184955339219e-08,1.233000104713445e-07,2.3184977192158607e-08,7.503601935803868e-08,2.768342272231724e-08,1.3266589639106643e-07,1.1654065178379428e-08,-1.0401564023061765e-07,-4.993290926820207e-08,-7.804772937237038e-08,9.464562343354645e-09,-1.041275139411985e-08,1.0188540236281442e-07,2.1339590742582296e-07,5.955412725060406e-08,1.825217976186703e-08,4.759007811428776e-08,-4.649033870791532e-08,-1.0171496658002375e-07,3.258236947601375e-07,1.2493281339177265e-07,1.666710227694854e-08,1.2364385136801015e-07,-5.92072375595896e-08,1.3554516759171107e-08,1.4236876812667897e-07,-1.5478356450102504e-08,2.569399666954273e-09,-1.1661104420842266e-08,-3.686802888473072e-08,3.466172250609852e-08,-2.8596269542809477e-08,-5.637973001588626e-08,-2.881947820708793e-08,-9.507297980076777e-08,-9.322684643423781e-08,2.4536955520664776e-08,-9.931097439390262e-10
25,-4.039060761727158e-09,3.681762341797158e-08,-5.5877088143188656e-08,1.8779400140822596e-09,-3.9576383526820125e-08,5.434591580531134e-08,6.639719695704088e-08,-9.657313616052279e-08,-2.983596640897571e-08,8.63643930997436e-09,1.0647455044902732e-08,-4.805799253233507e-08,3.239138883373482e-07,-1.0183498328867555e-08,5.07039869065366e-09,1.3949907231734818e-08,2.8845323162130902e-08,-4.671958997690937e-08,-2.4871260890978845e-07,-3.917200327604034e-08,-6.4901834081026025e-09,-5.245842018983984e-08,-5.49791235945722e-08,1.490101057249926e-07,5.955412725061448e-08,6.952262932380672e-07,3.531414045977803e-08,4.04651110279606e-09,8.654133536924663e-09,5.0530048936626354e-08,7.7954678201616e-08,1.8026584128803145e-07,-7.531929759932505e-08,9.600172307775427e-08,4.559153409568398e-08,-2.3297435513320706e-08,-1.013013903967384e-07,1.0306089970003271e-08,-2.0806396153472816e-08,1.2736298973188546e-09,-3.261484748978276e-08,-1.784381434853888e-08,-1.219502854203025e-07,-1.116030539110017e-07,5.8661863607054265e-08,-2.195319832736266e-07,1.4014698495026221e-07,1.3056659746194604e-08,1.0870044619364161e-07
26,8.874226969912169e-09,2.3755099591188523e-08,1.7571852484538358e-08,-3.166661529746834e-08,-4.94821611765969e-09,3.7727596560835975e-08,2.9365267510141393e-08,-5.051558819904327e-08,-1.097365718367827e-08,1.950877912345319e-08,2.8772042536327395e-11,-4.133048470637413e-08,3.7726731044029336e-08,1.0702388515570853e-08,-3.315660541623455e-08,-2.9395810827966778e-08,-2.207791387694975e-08,-4.157170769399658e-09,4.8141302268112984e-08,-1.4486198318120277e-08,-3.181869373580776e-08,5.887747135153352e-08,9.509623342263845e-09,-2.4584822573069723e-08,1.825217976185739e-08,3.531414045977728e-08,8.365072016507428e-08,-7.017169368286422e-08,1.62986497736213e-08,-3.756187732300488e-08,1.3623806994947746e-09,-1.4421513963380985e-08,6.134330734756779e-08,3.4685252174993424e-08,-4.3357193536706057e-08,3.583139490434623e-08,-7.643152122049143e-09,7.996961966373627e-09,-5.856125033946312e-09,-9.42945446142873e-09,2.0816816137830135e-09,2.788373519234229e-08,-2.7792279693588758e-08,-1.9390827496846587e-08,6.038371315174127e-09,-1.0218644569213007e-08,3.5090180316627324e-08,-1.0890548982897794e-08,-7.588396507745551e-09
27,-9.275593562566265e-08,3.636965932258652e-08,-7.55582327088471e-08,4.710306551173349e-08,-6.365795873317467e-08,-1.4457823943885386e-07,1.6243994649436547e-08,2.7442290393417664e-07,6.190275078941168e-08,-6.836853895994474e-08,5.488117258948895e-08,-2.322102848585442e-08,3.617986208015977e-08,-4.788953733682576e-08,-1.3401207178492768e-08,1.3653836371285734e-07,2.8926208162468666e-08,8.77899383565311e-08,-2.000860857135601e-07,-1.0682894309362124e-08,-1.2566110880674884e-08,-2.8541303051738286e-07,1.9954616064657266e-08,-3.8316224545501145e-08,4.759007811426558e-08,4.046511102755927e-09,-7.017169368285962e-08,6.871016035527973e-07,-3.3032632125704425e-08,-7.201728071044383e-08,2.690791823162019e-07,-2.90571770870476e-08,-1.038975809709395e-07,-8.325278082419926e-08,1.0698627393264649e-07,3.2358252269631166e-08,2.122359969904879e-07,-2.936679402763432e-08,-2.0208410834865477e-08,6.78469810005294e-08,-7.720258448442944e-08,9.215739864194181e-08,7.653255890568835e-08,-9.139110467482873e-08,1.3809796170923672e-08,-1.1251618164932604e-07,-1.4336338305624336e-07,-6.409618196755618e-08,1.8246371622232864e-07
28,-1.724688500747958e-08,1.6151782077689092e-08,-1.0597889355018058e-08,-3.6603925494105453e-09,2.283435013935334e-08,8.423716928680516e-08,3.112892523251908e-08,1.508627849920964e-08,5.3908178371113866e-08,9.816529839157391e-08,-5.176079393520068e-08,-3.652581708848486e-08,-2.1683234638079221e-07,3.08027678181106e-08,-7.710955328395788e-08,-5.097574245359803e-08,-6.905704973003094e-08,-1.1650989769200276e-07,-1.2257325721991483e-09,7.112572855931649e-09,7.726075443918782e-09,-5.066890568211943e-09,1.487076697357661e-08,-4.730573032847038e-08,-4.6490338707894375e-08,8.654133536969157e-09,1.629864977361583e-08,-3.303263212571153e-08,2.5751564706592296e-07,-5.5978137722452606e-08,-2.644810183620095e-07,-9.328717105355577e-08,4.7722494454053183e-08,4.0279360434722874e-08,1.3561541616551263e-07,-5.0666639307242495e-09,-1.3434248137597082e-07,3.142445845532708e-08,1.3312127494224065e-08,1.8269313663798314e-08,3.670826932570685e-08,5.192842389768448e-08,2.4845167250864354e-08,1.0366901729732808e-07,4.636306543631092e-08,-9.44447108306912e-08,1.3407574951134826e-07,1.1997781499032138e-08,-1.8280092110434885e-07
29,7.353529122043141e-10,-1.1913626217154221e-07,-1.1698291471871944e-08,1.0174861687961724e-07,1.1025610622613297e-09,4.871422169034781e-08,-3.900079871308938e-08,-5.171982352429369e-08,-6.89831433896495e-08,3.9169894738652956e-08,-4.161456185989452e-08,1.1026820695641834e-07,1.4313194256281905e-07,-2.2955548562110855e-08,4.355174380678815e-08,1.2290029601052527e-07,-1.1316327614351282e-07,6.476426949662827e-08,1.1374042441661983e-07,6.227816846187812e-08,2.519072136750919e-08,1.2428360771747482e-07,-3.228120770271313e-08,3.3832217778666924e-09,-1.0171496658005207e-07,5.053004893658027e-08,-3.7561877323009284e-08,-7.20172807104696e-08,-5.597813772244126e-08,4.2089252150815724e-07,-1.1034307944806193e-07,6.108366352789797e-08,2.1072888807140058e-08,-1.2763637252935201e-07,-1.8402348155754644e-07,7.088996225292378e-09,3.2233879749075645e-08,-3.3673308195612636e-08,-2.589927155762197e-08,-4.1802862902033764e-08,4.5928144476278856e-08,-1.0560599452598167e-07,-6.461753472605876e-08,2.1523574232124295e-08,4.702298528106599e-08,2.5042782691658854e-07,1.5788442904256805e-07,4.665382513564854e-08,2.163719558106545e-07
30,-1.1639170424417777e-07,2.970270166301619e-07,-2.4300443054149294e-07,-1.2854725001061634e-07,-5.40208791375876e-08,-3.729657172296546e-07,3.729041860576648e-08,-4.1091406046672095e-08,1.2852050199129383e-07,-2.3230865733658992e-07,1.0926197711447426e-07,-2.6355991468549976e-07,7.166547210347778e-07,3.638551674857223e-08,2.5793971400307305e-07,3.6295113154599767e-08,5.404412627610868e-07,4.2472801109600145e-07,-3.7817928460165937e-07,-2.0939836854342353e-08,-1.6913404726218446e-07,3.482276588589059e-07,-1.6546507518259125e-08,7.802054089215117e-07,3.2582369476003133e-07,7.795467820142442e-08,1.3623806995542659e-09,2.69079182316248e-07,-2.6448101836206824e-07,-1.1034307944788313e-07,2.1494805684962357e-06,6.900838996500407e-07,-3.7253828915498947e-08,2.89295045267072e-07,-1.3521784029146688e-07,3.811412292075623e-08,9.155609773466818e-07,-1.4577045032423265e-07,3.227548639394208e-08,-1.1948688985533041e-08,-2.6790792885419156e-07,2.219369701632208e-08,-8.831683399536009e-08,-8.559644346649257e-09,-1.1348274760941233e-07,-5.93152396358053e-08,-6.263121516196702e-07,-1.940581275392243e-08,5.437481818605758e-07
31,-1.5834763380140302e-09,6.465332091420948e-08,-1.2536874814002445e-07,-4.201476273989294e-08,-1.568270697974538e-08,1.642649555583348e-08,-2.8545706980102156e-08,-1.1107321725209543e-07,6.68426494575869e-08,-1.139274555523606e-07,3.343486624450387e-08,-1.732674209208435e-08,3.3383586020512406e-07,5.067715475236186e-08,2.2297498709253176e-07,8.286193851808756e-08,2.2190181690782915e-07,1.4528809227837673e-07,1.430138661926046e-08,1.8843748363794674e-08,-4.977579131844497e-08,9.0084532436748e-08,-4.465124854113344e-08,3.705262692076886e-07,1.2493281339173281e-07,1.802658412879499e-07,-1.44215139633572e-08,-2.9057177087027077e-08,-9.32871710535907e-08,6.108366352797918e-08,6.900838996500968e-07,5.967141426150892e-07,9.990484508440775e-08,1.6813773464182583e-07,-1.9179437750978898e-08,-5.9397427163928595e-08,2.8746738599038963e-07,-4.625211505357359e-08,6.00681280130443e-08,-2.853612075585753e-09,-4.3805063949480164e-08,-2.7949429588055713e-08,-7.568509706614364e-08,-2.866309452486375e-08,-5.470501477683015e-09,1.7409374251797945e-08,-2.5502238945724067e-07,1.866274948231539e-08,2.615102869781607e-07
32,4.7178844680606245e-08,-5.3697663503075126e-08,8.90990310024413e-08,3.2932832686083004e-09,-6.813565583984681e-08,-8.93881974606469e-09,5.151230857360046e-08,-1.8776853134450043e-07,2.229091275143228e-08,-5.691114597249012e-09,-3.235762745794343e-08,-1.3016288258431246e-10,8.580974252345093e-08,8.622874371639719e-08,8.714801631816087e-08,-1.2276593638890534e-07,4.0088192082589984e-08,1.1428227253683381e-07,2.417685982909556e-07,3.401031794196298e-08,-9.365602278857624e-08,-1.7868410920128367e-08,-3.977447854048994e-09,-7.639550338233316e-08,1.6667102276906925e-08,-7.531929759931446e-08,6.134330734757244e-08,-1.0389758097094727e-07,4.772249445407335e-08,2.1072888807169324e-08,-3.725382891567566e-08,9.990484508434205e-08,5.440955924575007e-07,1.5117980197455723e-07,3.7346658749910396e-08,5.374488550950325e-08,5.84456748839132e-08,-3.3158117052294214e-09,-2.939094794371141e-08,-3.749593077341442e-08,-6.140773975298222e-08,2.6026754255584648e-08,-1.7378777685400395e-07,-5.757339721919426e-08,1.8889190667964814e-08,5.5972990234136276e-08,-1.7628101132654296e-08,2.834414183849481e-08,-3.72089903091758e-08
33,-4.592275859489522e-08,-1.1323837618604584e-07,5.96564766660463e-08,6.582775656733878e-08,-4.962928060023962e-08,-8.567286948900138e-08,4.536593623616768e-08,-1.3671376908635702e-07,7.61765277079903e-08,5.128989131838961e-09,-3.082036737240042e-08,-1.4109567853818105e-07,1.1905618517422868e-07,1.2373190672659713e-07,1.3600931400105208e-07,-1.4530189603437924e-08,4.422097359512583e-08,-1.2732479457668944e-07,-9.843117383420193e-08,-1.1573318458324175e-07,-3.628669775911885e-08,8.417276338809096e-08,-3.4839924124068736e-08,5.14929914353915e-08,1.2364385136799297e-07,9.600172307777011e-08,3.468525217501585e-08,-8.325278082423384e-08,4.0279360434742163e-08,-1.2763637252932065e-07,2.892950452670304e-07,1.6813773464182718e-07,1.5117980197465082e-07,6.890054700898729e-07,-1.47847796130009e-08,2.9244667146513557e-09,1.604711069456011e-07,4.758931959219296e-09,2.939575813976269e-08,-1.385052474279017e-08,-4.032459644581844e-08,3.8691775444633784e-08,-1.5716469794609463e-08,4.788421110899944e-08,-1.8308889043288575e-08,-2.7413100161824666e-07,-3.2746335675584656e-07,5.0932875363895836e-08,-1.7904862987665423e-07
34,-3.8448535033429045e-08,3.205387266320788e-07,-3.7839662564219265e-08,-1.0296219902353293e-07,1.1309673781194476e-07,8.100522048739329e-09,6.4510803833503045e-09,1.5033753905430408e-07,1.4986285677278768e-07,-3.877457577003928e-08,-1.9025751765257638e-08,-1.1002494660817121e-07,-1.3240446213995637e-07,7.738583769509405e-08,-3.306573123873659e-08,-2.894857484654579e-07,4.923815872261609e-08,-5.217002060421206e-08,-2.499733780370262e-07,6.871673697714057e-08,6.09267478725567e-08,-2.888763159996507e-07,3.709424362240665e-08,1.3286331548212043e-07,-5.9207237559549874e-08,4.559153409574956e-08,-4.3357193536704614e-08,1.0698627393268731e-07,1.3561541616547047e-07,-1.8402348155750851e-07,-1.3521784029109578e-07,-1.917943775080835e-08,3.734665874990286e-08,-1.4784779613012731e-08,8.193849964375775e-07,-1.45274581437762e-07,2.7445957527117367e-08,2.6865416080073098e-08,2.4228679451551836e-08,5.990564420882008e-08,7.353537436310758e-08,1.2014795943170012e-07,2.479817817692842e-08,-5.597208145115332e-09,4.8409364243963016e-08,-3.265369220912667e-07,-6.293809457044874e-08,-2.008000763698078e-08,-2.1650196805242904e-07
35,3.2456889322067886e-09,2.5241214153729726e-10,-2.8765080015811053e-08,-9.653436781937431e-10,-1.2108113638386222e-07,-6.40961044299196e-09,6.064825111479295e-08,-4.379421821041815e-08,-2.9542618375082695e-08,-5.545360389079443e-08,-1.4481294841091885e-08,-3.2722449251662814e-08,1.3619369852071148e-08,-3.3784479083766403e-09,-1.1762667828605323e-08,4.7345211289751895e-08,9.913227715625242e-09,5.355686520525307e-08,6.49985477499632e-08,-3.1601990321592626e-08,-1.542076209256901e-08,2.408394294041077e-08,8.490107570342506e-09,-3.997677168156807e-08,1.3554516759159907e-08,-2.3297435513332396e-08,3.5831394904343354e-08,3.2358252269632853e-08,-5.066663930709749e-09,7.088996225279295e-09,3.8114122920661715e-08,-5.939742716397012e-08,5.3744885509498506e-08,2.924466714655174e-09,-1.4527458143773437e-07,2.400109833396085e-07,-2.7504733402755975e-08,-3.0213608290259334e-08,-2.958242031684286e-08,-2.1588338809613778e-08,-1.1650122754746505e-07,3.8197492486616186e-08,-4.16577015961394e-08,-4.025099945617003e-08,-5.16927529617707e-09,2.4775459599648626e-08,1.6361791457061969e-10,-2.416053389237353e-08,6.889603551326843e-08
36,-9.01619036763314e-08,-1.5805843382428763e-07,-1.232477611003292e-07,-9.497299477734434e-09,7.957587969627744e-08,-2.0574193207613715e-07,-4.234634856203926e-08,1.3484416618212877e-07,1.1399844912753254e-07,-8.119303478423868e-08,5.016847527987159e-08,-5.431766563843934e-08,3.372269947320593e-07,6.739892506619165e-08,2.885159398518724e-07,3.2722772255834654e-07,1.268662353294532e-07,1.7272967180957766e-07,-1.2858397257411545e-07,4.708285034150838e-08,-1.505867716810412e-07,6.311743834871253e-09,5.895881230323699e-09,2.469414481661927e-07,1.4236876812659622e-07,-1.0130139039685986e-07,-7.64315212201271e-09,2.1223599699044437e-07,-1.3434248137597047e-07,3.2233879749187507e-08,9.155609773465341e-07,2.874673859903152e-07,5.844567488401888e-08,1.6047110694558255e-07,2.7445957526916114e-08,-2.750473340271824e-08,9.526908587057155e-07,-9.441501293855779e-08,-2.0877449745421578e-08,-1.793604225655234e-08,-6.30982945854009e-08,-3.498675785301557e-08,-1.028432175511978e-08,9.888972554775497e-08,-8.897198136640814e-08,5.336358612103168e-08,-3.5852867412637046e-07,4.856553250348078e-08,2.5064976305732907e-07
37,1.9366656451410175e-08,-9.588716438700531e-09,6.433769081873776e-09,6.9351956137887146e-09,-1.1815646891670458e-08,7.540415580010897e-08,-1.5381444977865064e-08,-2.7534482400407028e-08,-2.129931597582625e-08,2.13998870233271e-08,1.0000539354537274e-08,-1.652599888676538e-08,-5.6463696083157556e-08,-1.0186673214836221e-08,-4.220448634355556e-08,-3.8326623236854075e-08,-5.166613305333816e-08,-2.463460414899105e-08,3.118702555868088e-08,4.483052317169539e-09,-1.2123589479917396e-08,3.987138327251722e-08,-2.2491366417330476e-08,-4.258898179133484e-08,-1.5478356450094084e-08,1.0306089970022214e-08,7.996961966369586e-09,-2.936679402763478e-08,3.142445845532812e-08,-3.367330819562332e-08,-1.457704503242186e-07,-4.62521150535625e-08,-3.31581170524264e-09,4.758931959207582e-09,2.6865416080098373e-08,-3.021360829026485e-08,-9.441501293856966e-08,8.15479378211919e-08,4.703006979014826e-10,3.5016428285414224e-09,5.377115450036903e-08,5.150844851503339e-09,1.2086452933913856e-08,7.0370333643484894e-09,8.597407553630258e-09,-2.6251432296914506e-08,5.732521685676414e-08,3.2904934269992663e-09,-5.2001560037184445e-08
38,-3.788199764746049e-09,5.9279342128344114e-08,-1.24442722023489e-08,-6.349776184380677e-08,2.096504037391107e-08,5.278484494054837e-08,-3.2452368544253896e-08,-2.0559431496377975e-09,1.1736522362615315e-08,-2.675021907573505e-09,8.134330828821882e-09,2.161596716947139e-08,-2.428061548762777e-09,1.200595698599309e-08,7.377788100479304e-09,-1.7182609535702894e-08,2.0689920642676196e-08,-2.370884344316557e-08,3.278236152606074e-08,3.0410257401851258e-09,1.3677543301440128e-08,1.7107440243355885e-08,4.188530088593519e-08,2.721717266211135e-08,2.56939966695544e-09,-2.080639615347908e-08,-5.856125033944231e-09,-2.020841083486735e-08,1.3312127494224307e-08,-2.5899271557621902e-08,3.227548639395041e-08,6.006812801304642e-08,-2.9390947943702423e-08,2.9395758139773767e-08,2.4228679451542046e-08,-2.958242031684195e-08,-2.0877449745412502e-08,4.703006979002911e-10,1.2490861429079657e-07,1.2496032146643674e-08,8.052701626933106e-08,1.38503228509368e-08,2.657832228674094e-08,1.3204860270176817e-09,-5.37392666439178e-10,-2.5272234513622493e-08,-6.813387216705458e-08,-4.918900074232838e-09,7.26055248359669e-10
39,-2.6564195805784714e-08,5.7666356367831286e-08,-1.2927232013146668e-08,3.896089074782824e-09,4.236902702947894e-08,4.2865778401682535e-08,-6.877504226731737e-09,8.254177690973532e-08,3.656433643257367e-08,2.5653026086743995e-08,-3.0310280624840847e-09,1.7204950737179183e-09,-4.0543806489408186e-08,8.231841933425129e-10,-5.404786689027911e-08,-2.197734874662073e-08,-5.389915721929786e-09,-2.8279278698922934e-08,-4.337729361109507e-08,6.0059916298937076e-09,-3.259267099089866e-09,-4.212124824639625e-08,1.0907253854586004e-08,-3.136555183866379e-09,-1.166110442084152e-08,1.2736298973216835e-09,-9.429454461429272e-09,6.784698100052574e-08,1.8269313663800415e-08,-4.1802862902033407e-08,-1.1948688985530282e-08,-2.853612075582614e-09,-3.749593077341931e-08,-1.38505247427848e-08,5.990564420882112e-08,-2.158833880961785e-08,-1.7936042256547502e-08,3.501642828541292e-09,1.2496032146644495e-08,6.617485535627679e-08,-2.314892835986401e-09,3.479351077279979e-08,1.8915456578146548e-08,1.110893495045997e-08,-1.9396666655064448e-09,-1.8253293547747615e-08,-7.426232146816405e-09,-2.014015259016626e-08,-2.2496404901101828e-08
40,1.7100864081393575e-08,-8.789732298098912e-08,-3.006261905514633e-08,-5.89392307049874e-09,6.23643990672096e-08,1.1117526979096637e-07,-9.72036726169355e-08,5.157571505956046e-08,-1.618085018222058e-08,2.501595706609465e-08,-5.735262485401324e-09,4.094853149313894e-09,-3.885604903933406e-08,-1.87098864263484e-08,-3.810780669655132e-08,1.1094951005395852e-08,-1.3947236729642146e-07,-6.592984779956723e-08,-3.8533429691314363e-08,4.408704406720591e-08,1.5913057238285274e-08,-1.1132087711266368e-09,1.866854480330105e-08,-1.0857946302097474e-07,-3.686802888471931e-08,-3.261484748975113e-08,2.0816816137767513e-09,-7.720258448444382e-08,3.6708269325709576e-08,4.592814447626536e-08,-2.6790792885418267e-07,-4.3805063949466314e-08,-6.14077397530106e-08,-4.032459644584332e-08,7.35353743631361e-08,-1.1650122754747822e-07,-6.309829458543567e-08,5.3771154500373115e-08,8.052701626933311e-08,-2.314892835987368e-09,4.3126210760542403e-07,2.852885816084713e-10,2.903895545642307e-08,5.815517196556908e-08,-1.8624663449312744e-08,6.114075443975466e-08,1.0198684273475322e-07,4.045087359671625e-08,-1.1833262161281696e-07
41,-5.0156337634068735e-08,1.5094452291880702e-07,-7.34601483819515e-08,-4.1839192529384776e-08,3.7154322930787025e-09,-4.478633927287403e-08,4.1695198924775974e-08,1.1083822523440742e-07,4.37924448549596e-08,-1.2460442443051307e-08,1.7664474961026265e-08,-7.034657003586244e-08,-8.639199648062171e-08,1.449896106751465e-08,-9.876361144779244e-08,-6.755355194723869e-08,-4.652019733146493e-09,5.173513282436372e-08,-6.637567607020855e-08,-4.807696299695174e-08,-7.350609791903279e-08,-3.728996542352674e-08,3.374514574576303e-08,1.2337764618185733e-08,3.466172250608417e-08,-1.7843814348532966e-08,2.7883735192341838e-08,9.215739864193558e-08,5.1928423897702914e-08,-1.0560599452598388e-07,2.2193697016245258e-08,-2.7949429588080346e-08,2.602675425557562e-08,3.869177544464163e-08,1.2014795943171955e-07,3.819749248660506e-08,-3.4986757853043294e-08,5.150844851507776e-09,1.3850322850939845e-08,3.479351077280529e-08,2.852885816212604e-10,2.6499169313591776e-07,6.02537695133124e-08,-7.819031579835765e-08,-2.3555926337899795e-08,-1.1336000396473208e-07,-1.3091682843670088e-07,-5.775199821851388e-08,1.2977886494296238e-08
42,-5.063320974441349e-08,-4.4842544594662e-08,-2.017416733128944e-09,4.480763180913256e-08,6.018893550333613e-08,-3.441298426054911e-08,-1.0709414979036385e-08,1.0437753047794465e-07,1.918865236431662e-08,-3.1906780783515706e-09,7.396767531830341e-09,2.740116218570486e-08,-1.9270949013443637e-07,-3.207980768788566e-08,-1.605158785031251e-08,2.7006316806974938e-08,-6.148702618254878e-08,-2.0508296149493863e-08,-4.74010109840786e-08,-1.5025441149631033e-09,1.1276177338690339e-08,5.200975869384452e-08,2.2040972069413936e-08,-5.817664750584465e-08,-2.859626954279877e-08,-1.2195028542031334e-07,-2.7792279693589618e-08,7.653255890565984e-08,2.4845167250880494e-08,-6.461753472608439e-08,-8.831683399539294e-08,-7.56850970661527e-08,-1.737877768539918e-07,-1.5716469794556312e-08,2.4798178176943067e-08,-4.165770159615053e-08,-1.0284321755124527e-08,1.2086452933917441e-08,2.6578322286742733e-08,1.8915456578143963e-08,2.9038955456428705e-08,6.025376951329804e-08,2.6691507220996086e-07,4.501531925511541e-08,-3.5202761565431955e-08,-1.2478579200094098e-07,-1.3931950972039403e-07,2.326207062213573e-08,1.7505940493760144e-08
43,-5.111334288258773e-08,-8.90622308340283e-08,-3.233878823948903e-08,4.0096895457627187e-08,9.961130893484625e-08,-1.48961527465355e-08,-3.837085349954797e-08,9.043061204042096e-08,6.070579377880698e-08,7.159141419349339e-08,-4.698338545972396e-08,-5.208063188255861e-08,-1.9294279239189916e-07,8.501726870204004e-09,3.74761774737614e-08,1.4498553122434223e-07,-1.1217233346228235e-07,-7.557617993509503e-08,-9.141007078829326e-09,8.927479492739969e-08,7.529018277996978e-09,8.376205309899859e-08,9.42757077034914e-09,1.3452420174183972e-07,-5.6379730015884706e-08,-1.116030539109826e-07,-1.9390827496842672e-08,-9.139110467486448e-08,1.0366901729732422e-07,2.1523574232138757e-08,-8.559644346648959e-09,-2.8663094524866497e-08,-5.757339721920898e-08,4.788421110896164e-08,-5.5972081451477285e-09,-4.025099945616836e-08,9.888972554770556e-08,7.037033364355648e-09,1.3204860270117916e-09,1.1108934950452586e-08,5.815517196557704e-08,-7.819031579837229e-08,4.5015319255097964e-08,4.273977630267749e-07,1.4195268329296119e-08,1.8229727939583815e-07,2.0711331514663584e-07,5.705500432718205e-08,-1.4970196008304042e-07
44,-7.91281643979814e-09,1.3392829989384087e-07,2.1449423086427587e-08,-2.0455400024216327e-08,-2.3703058875859886e-08,1.344987103112681e-08,1.743618187323134e-08,3.4253878342044883e-09,1.9273515060033912e-08,1.6456921310270062e-08,-6.5542465885602695e-09,-3.287111979487647e-08,-1.7831865812047536e-08,2.1738441593292797e-08,-1.864094386601992e-08,-4.8749419279110253e-08,-4.3100301641731916e-08,-5.5196318585802026e-08,8.084604573401717e-08,2.0623237057580236e-08,4.201396859913982e-08,-4.757329656646821e-08,-1.4544481269283406e-08,4.9096601822629314e-08,-2.881947820708334e-08,5.866186360705902e-08,6.038371315170844e-09,1.3809796170926602e-08,4.636306543630639e-08,4.702298528106826e-08,-1.1348274760939308e-07,-5.4705014776790165e-09,1.8889190667940274e-08,-1.8308889043303887e-08,4.840936424395751e-08,-5.1692752961773965e-09,-8.8971981366405e-08,8.597407553627557e-09,-5.373926664393581e-10,-1.939666665507274e-09,-1.86246634493152e-08,-2.3555926337906667e-08,-3.520276156542634e-08,1.4195268329297684e-08,1.398909471571106e-07,2.507010482795987e-08,1.2919528797931617e-07,-2.025436966703705e-08,8.19647005105892e-09
45,3.089290498934121e-08,1.1317857258207027e-07,-6.042470528442128e-08,-5.205440159362112e-08,-4.769420062129608e-08,9.809072376415185e-08,-6.492322658896961e-08,1.0434471986253254e-07,-8.40207409677218e-08,5.400513335817558e-09,6.770831170224492e-09,1.3875136749086012e-07,5.9191447491883246e-08,-5.242627699206125e-08,4.0972104015433746e-08,3.002296917833355e-07,-5.5277352649319634e-08,1.7224000879221434e-07,2.9306791362591713e-07,7.873631214995557e-08,-1.7715872042169416e-08,-5.7340136020746914e-08,-1.4227040903318414e-09,2.7147058786126977e-08,-9.507297980084702e-08,-2.1953198327363447e-07,-1.0218644569222131e-08,-1.1251618164937063e-07,-9.444471083063347e-08,2.5042782691657864e-07,-5.9315239636290904e-08,1.7409374251571023e-08,5.597299023401951e-08,-2.7413100161835503e-07,-3.2653692209126607e-07,2.477545959966274e-08,5.336358612069898e-08,-2.625143229687822e-08,-2.5272234513630596e-08,-1.8253293547736236e-08,6.114075443980992e-08,-1.1336000396470883e-07,-1.2478579200088444e-07,1.8229727939581414e-07,2.507010482797395e-08,1.1194563631397374e-06,3.8849025164038705e-07,-9.174108035634694e-09,1.8419252133944504e-07
46,2.7161191354414482e-08,-1.3369122262141308e-07,7.275598931702006e-08,-2.2821241928186714e-08,-8.632892744338897e-08,1.0119726769564147e-07,3.057492817458934e-08,4.094692400047521e-08,-6.150209342340918e-08,8.468079143573299e-08,-4.0194902084988406e-08,5.8964507111165534e-08,-7.37031423103616e-08,-8.008742517701399e-08,-1.4985026736660952e-07,7.199470289077404e-08,-3.1335435966808344e-07,-2.4074685498377144e-07,1.5301021570451815e-07,9.105627122137554e-08,2.647592409312056e-08,-1.167852619625963e-07,-1.5061446241621186e-08,-1.952973812981206e-07,-9.322684643420454e-08,1.4014698495032474e-07,3.509018031659726e-08,-1.4336338305622684e-07,1.3407574951130988e-07,1.5788442904256715e-07,-6.263121516195773e-07,-2.5502238945721473e-07,-1.7628101132815418e-08,-3.2746335675597997e-07,-6.29380945704387e-08,1.636179145700367e-10,-3.5852867412643145e-07,5.732521685675898e-08,-6.813387216705793e-08,-7.426232146821267e-09,1.0198684273473992e-07,-1.3091682843672226e-07,-1.3931950972037902e-07,2.0711331514658343e-07,1.2919528797930802e-07,3.8849025164028837e-07,1.0745653832521485e-06,5.611624461701693e-08,-8.697769440871794e-08
47,5.852626490729895e-09,-1.8766822901933768e-07,6.2934642723839545e-09,7.653546175409887e-08,-1.0700894763443779e-08,-4.735592870427004e-08,-1.6916087426971842e-09,-7.629030220142131e-08,-9.343641652323797e-09,6.1048825249603815e-09,-1.764996499728608e-08,8.125265444988094e-09,4.829639601667237e-09,1.4656284199158927e-09,5.4037850296826407e-08,2.0750793634937037e-08,-4.6838381229398985e-09,1.3754833393451423e-09,-3.18160666438597e-08,3.958624285297038e-08,-2.3727044798822484e-08,8.639831088131178e-08,-2.139029260806082e-08,1.0960209414607318e-09,2.4536955520669246e-08,1.3056659746200164e-08,-1.0890548982895945e-08,-6.409618196756073e-08,1.1997781499021969e-08,4.665382513565757e-08,-1.9405812753879772e-08,1.8662749482337696e-08,2.834414183850806e-08,5.093287536388165e-08,-2.0080007636988973e-08,-2.4160533892371223e-08,4.85655325034907e-08,3.290493426998474e-09,-4.918900074234245e-09,-2.0140152590169682e-08,4.0450873596711615e-08,-5.7751998218516394e-08,2.326207062212064e-08,5.7055004327176433e-08,-2.0254369667037393e-08,-9.174108035609301e-09,5.611624461702182e-08,1.4698556306722918e-07,-3.7815901542190313e-08
48,-7.436947339856082e-08,1.0480264377845388e-07,-9.375159299281689e-08,-2.775528524041302e-08,-1.132520865493133e-07,1.675243051370632e-08,3.3748699383513245e-09,6.455189890114728e-08,-6.186107091154238e-08,-1.1784445249918303e-07,4.7358770560971604e-08,8.48503082316473e-08,3.7942625102814596e-07,-5.934694785877084e-08,8.082687580500337e-08,1.7096629061569964e-07,6.517054947259747e-08,2.4220177660282246e-07,1.2669300464327017e-07,3.489516482253823e-08,-9.58143453311996e-08,1.6596771377368957e-07,-6.811749627105746e-09,1.75972385266546e-07,-9.931097440219682e-10,1.087004461934726e-07,-7.588396507737587e-09,1.824637162223118e-07,-1.8280092110433585e-07,2.1637195581070306e-07,5.437481818602561e-07,2.6151028697799546e-07,-3.7208990309174645e-08,-1.7904862987664425e-07,-2.1650196805260533e-07,6.889603551331442e-08,2.506497630572321e-07,-5.200156003717648e-08,7.260552483611894e-10,-2.249640490109874e-08,-1.1833262161279408e-07,1.2977886494324681e-08,1.7505940493840903e-08,-1.49701960083032e-07,8.19647005104857e-09,1.8419252133959388e-07,-8.697769440876741e-08,-3.781590154221399e-08,7.213127779773417e-07
